tags_all,price_categ,count
1980s,Barato,80
1980s,Caro,7
1980s,Free,10
1980s,Medio,31
1980s,Muito Barato,112
1990's,Barato,150
1990's,Caro,9
1990's,Free,12
1990's,Medio,58
1990's,Muito Barato,238
2.5D,Barato,136
2.5D,Caro,8
2.5D,Free,18
2.5D,Medio,39
2.5D,Muito Barato,149
2D,Barato,1405
2D,Caro,77
2D,Free,178
2D,Medio,459
2D,Muito Barato,1853
2D,Muito Caro,5
2D Fighter,Barato,76
2D Fighter,Caro,4
2D Fighter,Free,3
2D Fighter,Medio,30
2D Fighter,Muito Barato,67
2D Platformer,Barato,175
2D Platformer,Caro,15
2D Platformer,Free,21
2D Platformer,Medio,61
2D Platformer,Muito Barato,219
2D Platformer,Muito Caro,1
3D,Barato,561
3D,Caro,39
3D,Free,77
3D,Medio,213
3D,Muito Barato,714
3D,Muito Caro,6
3D Fighter,Barato,33
3D Fighter,Caro,2
3D Fighter,Free,1
3D Fighter,Medio,13
3D Fighter,Muito Barato,32
3D Platformer,Barato,126
3D Platformer,Caro,6
3D Platformer,Free,23
3D Platformer,Medio,51
3D Platformer,Muito Barato,154
3D Vision,Barato,32
3D Vision,Free,5
3D Vision,Medio,11
3D Vision,Muito Barato,28
4 Player Local,Barato,138
4 Player Local,Caro,5
4 Player Local,Free,13
4 Player Local,Medio,32
4 Player Local,Muito Barato,143
4X,Barato,53
4X,Caro,5
4X,Free,10
4X,Medio,23
4X,Muito Barato,63
4X,Muito Caro,1
6DOF,Barato,36
6DOF,Caro,1
6DOF,Free,6
6DOF,Medio,18
6DOF,Muito Barato,37
8-bit Music,Barato,1
ATV,Barato,2
ATV,Free,1
ATV,Medio,1
ATV,Muito Barato,6
Abstract,Barato,69
Abstract,Caro,2
Abstract,Free,9
Abstract,Medio,19
Abstract,Muito Barato,150
Action,Barato,2140
Action,Caro,150
Action,Free,294
Action,Medio,805
Action,Muito Barato,2605
Action,Muito Caro,7
Action RPG,Barato,290
Action RPG,Caro,23
Action RPG,Free,23
Action RPG,Medio,124
Action RPG,Muito Barato,276
Action RPG,Muito Caro,1
Action RTS,Barato,13
Action RTS,Caro,1
Action RTS,Free,2
Action RTS,Medio,8
Action RTS,Muito Barato,20
Action Rogue-like,Barato,2
Action Rogue-like,Caro,1
Action Rogue-like,Medio,2
Action Rogue-like,Muito Barato,1
Action Roguelike,Barato,138
Action Roguelike,Caro,8
Action Roguelike,Free,24
Action Roguelike,Medio,56
Action Roguelike,Muito Barato,176
Action-Adventure,Barato,406
Action-Adventure,Caro,22
Action-Adventure,Free,58
Action-Adventure,Medio,133
Action-Adventure,Muito Barato,370
Action-Adventure,Muito Caro,1
Addictive,Barato,46
Addictive,Caro,2
Addictive,Free,8
Addictive,Medio,26
Addictive,Muito Barato,71
Adventure,Barato,2263
Adventure,Caro,134
Adventure,Free,306
Adventure,Medio,868
Adventure,Muito Barato,2754
Adventure,Muito Caro,5
Agriculture,Barato,48
Agriculture,Caro,3
Agriculture,Free,10
Agriculture,Medio,21
Agriculture,Muito Barato,44
Aliens,Barato,91
Aliens,Caro,10
Aliens,Free,16
Aliens,Medio,37
Aliens,Muito Barato,116
Alternate History,Barato,70
Alternate History,Caro,4
Alternate History,Free,5
Alternate History,Medio,32
Alternate History,Muito Barato,86
Ambient,Barato,8
Ambient,Medio,1
Ambient,Muito Barato,8
America,Barato,35
America,Caro,4
America,Free,3
America,Medio,21
America,Muito Barato,44
Anime,Barato,833
Anime,Caro,69
Anime,Free,99
Anime,Medio,314
Anime,Muito Barato,995
Anime,Muito Caro,2
Arcade,Barato,452
Arcade,Caro,27
Arcade,Free,64
Arcade,Medio,177
Arcade,Muito Barato,662
Arcade,Muito Caro,1
Archery,Barato,14
Archery,Caro,2
Archery,Free,1
Archery,Medio,3
Archery,Muito Barato,12
Arena Shooter,Barato,42
Arena Shooter,Caro,2
Arena Shooter,Free,4
Arena Shooter,Medio,21
Arena Shooter,Muito Barato,80
Artificial Intelligence,Barato,64
Artificial Intelligence,Caro,3
Artificial Intelligence,Free,9
Artificial Intelligence,Medio,19
Artificial Intelligence,Muito Barato,79
Artificial Intelligence,Muito Caro,1
Assassin,Barato,37
Assassin,Caro,3
Assassin,Free,3
Assassin,Medio,12
Assassin,Muito Barato,29
Asymmetric VR,Barato,7
Asymmetric VR,Free,2
Asymmetric VR,Medio,5
Asymmetric VR,Muito Barato,12
Asynchronous Multiplayer,Barato,22
Asynchronous Multiplayer,Caro,3
Asynchronous Multiplayer,Free,9
Asynchronous Multiplayer,Medio,12
Asynchronous Multiplayer,Muito Barato,35
Atmospheric,Barato,1224
Atmospheric,Caro,91
Atmospheric,Free,154
Atmospheric,Medio,468
Atmospheric,Muito Barato,1512
Atmospheric,Muito Caro,5
Auto Battler,Barato,21
Auto Battler,Free,6
Auto Battler,Medio,7
Auto Battler,Muito Barato,25
Automation,Barato,55
Automation,Caro,1
Automation,Free,7
Automation,Medio,15
Automation,Muito Barato,51
Automobile Sim,Barato,83
Automobile Sim,Caro,10
Automobile Sim,Free,17
Automobile Sim,Medio,46
Automobile Sim,Muito Barato,102
Automobile Sim,Muito Caro,1
BMX,Barato,4
BMX,Medio,2
BMX,Muito Barato,2
Base-Building,Barato,208
Base-Building,Caro,14
Base-Building,Free,21
Base-Building,Medio,76
Base-Building,Muito Barato,229
Baseball,Barato,3
Baseball,Caro,2
Baseball,Free,1
Baseball,Medio,3
Baseball,Muito Barato,5
Based On A Novel,Barato,21
Based On A Novel,Caro,2
Based On A Novel,Free,2
Based On A Novel,Medio,5
Based On A Novel,Muito Barato,19
Basketball,Barato,8
Basketball,Free,1
Basketball,Medio,2
Basketball,Muito Barato,9
Battle Royale,Barato,29
Battle Royale,Caro,1
Battle Royale,Free,10
Battle Royale,Medio,5
Battle Royale,Muito Barato,22
Beat 'em up,Barato,117
Beat 'em up,Caro,6
Beat 'em up,Free,13
Beat 'em up,Medio,53
Beat 'em up,Muito Barato,113
Beautiful,Barato,115
Beautiful,Caro,8
Beautiful,Free,8
Beautiful,Medio,34
Beautiful,Muito Barato,129
Benchmark,Barato,2
Benchmark,Medio,1
Benchmark,Muito Barato,4
Bikes,Barato,14
Bikes,Free,2
Bikes,Medio,8
Bikes,Muito Barato,20
Blood,Barato,52
Blood,Caro,4
Blood,Free,7
Blood,Medio,14
Blood,Muito Barato,75
Board Game,Barato,105
Board Game,Caro,5
Board Game,Free,25
Board Game,Medio,44
Board Game,Muito Barato,173
Board Game,Muito Caro,2
Boss Rush,Barato,4
Boss Rush,Caro,1
Boss Rush,Medio,1
Boss Rush,Muito Barato,3
Bowling,Barato,5
Bowling,Muito Barato,3
Boxing,Barato,13
Boxing,Free,2
Boxing,Medio,4
Boxing,Muito Barato,11
Building,Barato,361
Building,Caro,24
Building,Free,34
Building,Medio,117
Building,Muito Barato,366
Building,Muito Caro,4
Bullet Hell,Barato,166
Bullet Hell,Caro,11
Bullet Hell,Free,18
Bullet Hell,Medio,53
Bullet Hell,Muito Barato,204
Bullet Time,Barato,46
Bullet Time,Caro,1
Bullet Time,Free,8
Bullet Time,Medio,12
Bullet Time,Muito Barato,41
CRPG,Barato,76
CRPG,Caro,3
CRPG,Free,14
CRPG,Medio,30
CRPG,Muito Barato,92
CRPG,Muito Caro,1
Capitalism,Barato,49
Capitalism,Free,3
Capitalism,Medio,11
Capitalism,Muito Barato,53
Card Battler,Barato,49
Card Battler,Caro,7
Card Battler,Free,18
Card Battler,Medio,21
Card Battler,Muito Barato,63
Card Game,Barato,112
Card Game,Caro,11
Card Game,Free,35
Card Game,Medio,39
Card Game,Muito Barato,150
Cartoon,Barato,144
Cartoon,Caro,11
Cartoon,Free,24
Cartoon,Medio,43
Cartoon,Muito Barato,196
Cartoony,Barato,223
Cartoony,Caro,16
Cartoony,Free,32
Cartoony,Medio,90
Cartoony,Muito Barato,320
Cartoony,Muito Caro,1
Casual,Barato,1470
Casual,Caro,84
Casual,Free,258
Casual,Medio,483
Casual,Muito Barato,2401
Casual,Muito Caro,2
Cats,Barato,51
Cats,Caro,3
Cats,Free,7
Cats,Medio,15
Cats,Muito Barato,130
Character Action Game,Barato,52
Character Action Game,Caro,2
Character Action Game,Free,7
Character Action Game,Medio,22
Character Action Game,Muito Barato,54
Character Customization,Barato,318
Character Customization,Caro,27
Character Customization,Free,50
Character Customization,Medio,133
Character Customization,Muito Barato,345
Character Customization,Muito Caro,2
Chess,Barato,10
Chess,Free,1
Chess,Medio,5
Chess,Muito Barato,30
Chess,Muito Caro,1
Choices Matter,Barato,413
Choices Matter,Caro,25
Choices Matter,Free,39
Choices Matter,Medio,160
Choices Matter,Muito Barato,426
Choices Matter,Muito Caro,1
Choose Your Own Adventure,Barato,186
Choose Your Own Adventure,Caro,14
Choose Your Own Adventure,Free,22
Choose Your Own Adventure,Medio,55
Choose Your Own Adventure,Muito Barato,215
Cinematic,Barato,118
Cinematic,Caro,6
Cinematic,Free,15
Cinematic,Medio,35
Cinematic,Muito Barato,120
Cinematic,Muito Caro,1
City Builder,Barato,145
City Builder,Caro,17
City Builder,Free,18
City Builder,Medio,57
City Builder,Muito Barato,152
City Builder,Muito Caro,2
Class-Based,Barato,39
Class-Based,Caro,2
Class-Based,Free,12
Class-Based,Medio,12
Class-Based,Muito Barato,38
Classic,Barato,287
Classic,Caro,18
Classic,Free,36
Classic,Medio,140
Classic,Muito Barato,448
Clicker,Barato,50
Clicker,Caro,4
Clicker,Free,30
Clicker,Medio,18
Clicker,Muito Barato,124
Co-op,Barato,658
Co-op,Caro,53
Co-op,Free,95
Co-op,Medio,241
Co-op,Muito Barato,661
Co-op,Muito Caro,3
Co-op Campaign,Barato,70
Co-op Campaign,Caro,1
Co-op Campaign,Free,5
Co-op Campaign,Medio,17
Co-op Campaign,Muito Barato,58
Coding,Muito Barato,1
Cold War,Barato,40
Cold War,Caro,4
Cold War,Free,2
Cold War,Medio,16
Cold War,Muito Barato,42
Collectathon,Barato,59
Collectathon,Caro,2
Collectathon,Free,12
Collectathon,Medio,20
Collectathon,Muito Barato,66
Collectathon,Muito Caro,2
Colony Sim,Barato,78
Colony Sim,Caro,7
Colony Sim,Free,7
Colony Sim,Medio,25
Colony Sim,Muito Barato,72
Colony Sim,Muito Caro,1
Colorful,Barato,605
Colorful,Caro,36
Colorful,Free,76
Colorful,Medio,191
Colorful,Muito Barato,806
Colorful,Muito Caro,4
Combat,Barato,219
Combat,Caro,12
Combat,Free,32
Combat,Medio,108
Combat,Muito Barato,254
Combat Racing,Barato,25
Combat Racing,Caro,1
Combat Racing,Free,2
Combat Racing,Medio,9
Combat Racing,Muito Barato,38
Combat Racing,Muito Caro,1
Comedy,Barato,506
Comedy,Caro,19
Comedy,Free,58
Comedy,Medio,198
Comedy,Muito Barato,610
Comic Book,Barato,64
Comic Book,Caro,3
Comic Book,Free,11
Comic Book,Medio,24
Comic Book,Muito Barato,92
Competitive,Barato,132
Competitive,Caro,11
Competitive,Free,20
Competitive,Medio,42
Competitive,Muito Barato,123
Conspiracy,Barato,30
Conspiracy,Caro,1
Conspiracy,Free,4
Conspiracy,Medio,6
Conspiracy,Muito Barato,41
Controller,Barato,407
Controller,Caro,29
Controller,Free,40
Controller,Medio,129
Controller,Muito Barato,404
Controller,Muito Caro,2
Conversation,Barato,90
Conversation,Caro,6
Conversation,Free,6
Conversation,Medio,20
Conversation,Muito Barato,84
Cooking,Barato,38
Cooking,Caro,1
Cooking,Free,4
Cooking,Medio,11
Cooking,Muito Barato,43
Cozy,Barato,23
Cozy,Caro,2
Cozy,Free,3
Cozy,Medio,7
Cozy,Muito Barato,32
Crafting,Barato,246
Crafting,Caro,17
Crafting,Free,40
Crafting,Medio,108
Crafting,Muito Barato,251
Crafting,Muito Caro,1
Creature Collector,Barato,34
Creature Collector,Caro,4
Creature Collector,Free,6
Creature Collector,Medio,16
Creature Collector,Muito Barato,50
Cricket,Caro,1
Cricket,Free,1
Cricket,Medio,1
Cricket,Muito Barato,2
Crime,Barato,83
Crime,Caro,2
Crime,Free,11
Crime,Medio,24
Crime,Muito Barato,87
Crowdfunded,Barato,26
Crowdfunded,Caro,1
Crowdfunded,Free,1
Crowdfunded,Medio,12
Crowdfunded,Muito Barato,23
Cult Classic,Barato,77
Cult Classic,Caro,7
Cult Classic,Free,13
Cult Classic,Medio,30
Cult Classic,Muito Barato,91
Cult Classic,Muito Caro,1
Cute,Barato,705
Cute,Caro,46
Cute,Free,94
Cute,Medio,251
Cute,Muito Barato,1020
Cute,Muito Caro,3
Cyberpunk,Barato,144
Cyberpunk,Caro,8
Cyberpunk,Free,17
Cyberpunk,Medio,70
Cyberpunk,Muito Barato,132
Cyberpunk,Muito Caro,2
Cycling,Barato,4
Cycling,Free,1
Cycling,Medio,2
Cycling,Muito Barato,5
Dark,Barato,318
Dark,Caro,14
Dark,Free,35
Dark,Medio,108
Dark,Muito Barato,392
Dark Comedy,Barato,67
Dark Comedy,Caro,2
Dark Comedy,Free,6
Dark Comedy,Medio,12
Dark Comedy,Muito Barato,82
Dark Fantasy,Barato,188
Dark Fantasy,Caro,12
Dark Fantasy,Free,26
Dark Fantasy,Medio,85
Dark Fantasy,Muito Barato,188
Dark Fantasy,Muito Caro,1
Dark Humor,Barato,129
Dark Humor,Caro,7
Dark Humor,Free,17
Dark Humor,Medio,38
Dark Humor,Muito Barato,170
Dating Sim,Barato,179
Dating Sim,Caro,10
Dating Sim,Free,20
Dating Sim,Medio,65
Dating Sim,Muito Barato,242
Dating Sim,Muito Caro,1
Deckbuilding,Barato,62
Deckbuilding,Caro,8
Deckbuilding,Free,15
Deckbuilding,Medio,26
Deckbuilding,Muito Barato,81
Demons,Barato,83
Demons,Caro,4
Demons,Free,11
Demons,Medio,33
Demons,Muito Barato,82
Destruction,Barato,78
Destruction,Caro,7
Destruction,Free,10
Destruction,Medio,35
Destruction,Muito Barato,95
Detective,Barato,171
Detective,Caro,5
Detective,Free,17
Detective,Medio,50
Detective,Muito Barato,168
Difficult,Barato,611
Difficult,Caro,44
Difficult,Free,75
Difficult,Medio,213
Difficult,Muito Barato,758
Difficult,Muito Caro,4
Dinosaurs,Barato,27
Dinosaurs,Caro,4
Dinosaurs,Free,5
Dinosaurs,Medio,8
Dinosaurs,Muito Barato,32
Diplomacy,Barato,33
Diplomacy,Caro,1
Diplomacy,Free,3
Diplomacy,Medio,13
Diplomacy,Muito Barato,24
Dog,Barato,26
Dog,Caro,4
Dog,Free,5
Dog,Medio,18
Dog,Muito Barato,43
Dragons,Barato,27
Dragons,Caro,3
Dragons,Free,7
Dragons,Medio,28
Dragons,Muito Barato,51
Drama,Barato,188
Drama,Caro,8
Drama,Free,19
Drama,Medio,59
Drama,Muito Barato,234
Driving,Barato,123
Driving,Caro,12
Driving,Free,14
Driving,Medio,62
Driving,Muito Barato,144
Driving,Muito Caro,2
Dungeon Crawler,Barato,194
Dungeon Crawler,Caro,11
Dungeon Crawler,Free,32
Dungeon Crawler,Medio,85
Dungeon Crawler,Muito Barato,216
Dungeons & Dragons,Barato,18
Dungeons & Dragons,Caro,1
Dungeons & Dragons,Free,1
Dungeons & Dragons,Medio,6
Dungeons & Dragons,Muito Barato,13
Dynamic Narration,Barato,28
Dynamic Narration,Medio,8
Dynamic Narration,Muito Barato,33
Dystopian,Barato,74
Dystopian,Caro,5
Dystopian,Free,8
Dystopian,Medio,35
Dystopian,Muito Barato,105
Early Access,Barato,656
Early Access,Caro,44
Early Access,Free,90
Early Access,Medio,240
Early Access,Muito Barato,685
Early Access,Muito Caro,4
Economy,Barato,158
Economy,Caro,17
Economy,Free,18
Economy,Medio,62
Economy,Muito Barato,177
Education,Barato,138
Education,Caro,6
Education,Free,20
Education,Medio,43
Education,Muito Barato,193
Education,Muito Caro,1
Electronic,Barato,1
Electronic,Free,3
Electronic,Muito Barato,2
Electronic Music,Barato,8
Electronic Music,Caro,1
Electronic Music,Free,1
Electronic Music,Muito Barato,5
Emotional,Barato,160
Emotional,Caro,8
Emotional,Free,19
Emotional,Medio,63
Emotional,Muito Barato,209
Epic,Barato,20
Epic,Caro,1
Epic,Free,2
Epic,Medio,12
Epic,Muito Barato,27
Escape Room,Barato,37
Escape Room,Caro,3
Escape Room,Free,2
Escape Room,Medio,20
Escape Room,Muito Barato,53
Experience,Barato,18
Experience,Caro,2
Experience,Medio,7
Experience,Muito Barato,23
Experimental,Barato,58
Experimental,Caro,4
Experimental,Free,12
Experimental,Medio,28
Experimental,Muito Barato,130
Exploration,Barato,714
Exploration,Caro,46
Exploration,Free,93
Exploration,Medio,289
Exploration,Muito Barato,835
Exploration,Muito Caro,5
FMV,Barato,32
FMV,Caro,5
FMV,Free,6
FMV,Medio,11
FMV,Muito Barato,70
FPS,Barato,401
FPS,Caro,25
FPS,Free,58
FPS,Medio,136
FPS,Muito Barato,500
FPS,Muito Caro,1
Faith,Barato,45
Faith,Caro,1
Faith,Free,2
Faith,Medio,6
Faith,Muito Barato,34
Family Friendly,Barato,520
Family Friendly,Caro,26
Family Friendly,Free,72
Family Friendly,Medio,188
Family Friendly,Muito Barato,679
Family Friendly,Muito Caro,1
Fantasy,Barato,778
Fantasy,Caro,49
Fantasy,Free,117
Fantasy,Medio,306
Fantasy,Muito Barato,828
Fantasy,Muito Caro,2
Farming,Barato,15
Farming,Caro,2
Farming,Free,1
Farming,Medio,7
Farming,Muito Barato,11
Farming Sim,Barato,60
Farming Sim,Caro,3
Farming Sim,Free,7
Farming Sim,Medio,28
Farming Sim,Muito Barato,49
Fast-Paced,Barato,174
Fast-Paced,Caro,5
Fast-Paced,Free,27
Fast-Paced,Medio,55
Fast-Paced,Muito Barato,220
Feature Film,Barato,2
Feature Film,Muito Barato,2
Female Protagonist,Barato,766
Female Protagonist,Caro,46
Female Protagonist,Free,67
Female Protagonist,Medio,236
Female Protagonist,Muito Barato,856
Female Protagonist,Muito Caro,2
Fighting,Barato,144
Fighting,Caro,6
Fighting,Free,13
Fighting,Medio,59
Fighting,Muito Barato,143
First-Person,Barato,705
First-Person,Caro,41
First-Person,Free,96
First-Person,Medio,279
First-Person,Muito Barato,902
First-Person,Muito Caro,3
Fishing,Barato,40
Fishing,Free,10
Fishing,Medio,17
Fishing,Muito Barato,33
Flight,Barato,72
Flight,Caro,2
Flight,Free,14
Flight,Medio,44
Flight,Muito Barato,137
Flight,Muito Caro,2
Football,Barato,18
Football,Caro,1
Football,Free,3
Football,Medio,3
Football,Muito Barato,23
Football (American),Barato,11
Football (American),Caro,1
Football (American),Free,3
Football (American),Medio,2
Football (American),Muito Barato,8
Foreign,Barato,14
Foreign,Free,2
Foreign,Medio,4
Foreign,Muito Barato,15
Free to Play,Barato,185
Free to Play,Caro,8
Free to Play,Free,180
Free to Play,Medio,61
Free to Play,Muito Barato,192
Funny,Barato,780
Funny,Caro,33
Funny,Free,105
Funny,Medio,269
Funny,Muito Barato,965
Futuristic,Barato,161
Futuristic,Caro,13
Futuristic,Free,23
Futuristic,Medio,73
Futuristic,Muito Barato,174
Futuristic,Muito Caro,2
Gambling,Barato,7
Gambling,Free,3
Gambling,Medio,4
Gambling,Muito Barato,19
GameMaker,Barato,27
GameMaker,Caro,1
GameMaker,Free,1
GameMaker,Medio,12
GameMaker,Muito Barato,20
GameMaker,Muito Caro,1
Games Workshop,Barato,24
Games Workshop,Caro,3
Games Workshop,Free,5
Games Workshop,Medio,10
Games Workshop,Muito Barato,16
Gaming,Barato,3
Gaming,Medio,2
Gaming,Muito Barato,6
God Game,Barato,44
God Game,Caro,3
God Game,Free,7
God Game,Medio,14
God Game,Muito Barato,51
Golf,Barato,15
Golf,Caro,1
Golf,Medio,7
Golf,Muito Barato,12
Gore,Barato,387
Gore,Caro,23
Gore,Free,50
Gore,Medio,145
Gore,Muito Barato,462
Gothic,Barato,47
Gothic,Caro,1
Gothic,Free,7
Gothic,Medio,21
Gothic,Muito Barato,51
Grand Strategy,Barato,81
Grand Strategy,Caro,18
Grand Strategy,Free,12
Grand Strategy,Medio,48
Grand Strategy,Muito Barato,85
Grand Strategy,Muito Caro,3
Great Soundtrack,Barato,960
Great Soundtrack,Caro,60
Great Soundtrack,Free,110
Great Soundtrack,Medio,345
Great Soundtrack,Muito Barato,1016
Great Soundtrack,Muito Caro,3
Grid-Based Movement,Barato,47
Grid-Based Movement,Caro,3
Grid-Based Movement,Free,8
Grid-Based Movement,Medio,19
Grid-Based Movement,Muito Barato,72
Gun Customization,Barato,40
Gun Customization,Caro,2
Gun Customization,Free,4
Gun Customization,Medio,10
Gun Customization,Muito Barato,32
Hack and Slash,Barato,227
Hack and Slash,Caro,22
Hack and Slash,Free,34
Hack and Slash,Medio,105
Hack and Slash,Muito Barato,218
Hacking,Barato,38
Hacking,Caro,1
Hacking,Free,4
Hacking,Medio,12
Hacking,Muito Barato,48
Hand-drawn,Barato,203
Hand-drawn,Caro,10
Hand-drawn,Free,24
Hand-drawn,Medio,81
Hand-drawn,Muito Barato,319
Hardware,Barato,4
Hardware,Medio,1
Hardware,Muito Barato,3
Heist,Barato,24
Heist,Caro,2
Heist,Free,5
Heist,Medio,11
Heist,Muito Barato,23
Hentai,Barato,135
Hentai,Caro,7
Hentai,Free,12
Hentai,Medio,37
Hentai,Muito Barato,169
Hentai,Muito Caro,1
Hero Shooter,Barato,16
Hero Shooter,Caro,2
Hero Shooter,Free,2
Hero Shooter,Medio,6
Hero Shooter,Muito Barato,26
Hex Grid,Barato,42
Hex Grid,Caro,2
Hex Grid,Free,11
Hex Grid,Medio,34
Hex Grid,Muito Barato,56
Hex Grid,Muito Caro,1
Hidden Object,Barato,121
Hidden Object,Caro,8
Hidden Object,Free,21
Hidden Object,Medio,35
Hidden Object,Muito Barato,281
Historical,Barato,219
Historical,Caro,30
Historical,Free,18
Historical,Medio,124
Historical,Muito Barato,261
Historical,Muito Caro,3
Hobby Sim,Barato,1
Hobby Sim,Muito Barato,1
Hockey,Barato,3
Hockey,Free,1
Hockey,Muito Barato,4
Horror,Barato,587
Horror,Caro,33
Horror,Free,81
Horror,Medio,190
Horror,Muito Barato,798
Horror,Muito Caro,3
Horses,Barato,14
Horses,Caro,1
Horses,Free,5
Horses,Medio,3
Horses,Muito Barato,17
Hunting,Barato,30
Hunting,Caro,4
Hunting,Free,4
Hunting,Medio,13
Hunting,Muito Barato,26
Idler,Barato,47
Idler,Caro,3
Idler,Free,18
Idler,Medio,14
Idler,Muito Barato,82
Illuminati,Barato,35
Illuminati,Caro,3
Illuminati,Free,9
Illuminati,Medio,14
Illuminati,Muito Barato,43
Immersive,Barato,31
Immersive,Caro,2
Immersive,Free,5
Immersive,Medio,12
Immersive,Muito Barato,38
Immersive Sim,Barato,155
Immersive Sim,Caro,9
Immersive Sim,Free,19
Immersive Sim,Medio,60
Immersive Sim,Muito Barato,188
Indie,Barato,2541
Indie,Caro,134
Indie,Free,359
Indie,Medio,832
Indie,Muito Barato,3639
Indie,Muito Caro,12
Instrumental Music,Barato,2
Instrumental Music,Muito Barato,3
Intentionally Awkward Controls,Barato,6
Intentionally Awkward Controls,Caro,2
Intentionally Awkward Controls,Medio,1
Intentionally Awkward Controls,Muito Barato,10
Interactive Fiction,Barato,190
Interactive Fiction,Caro,6
Interactive Fiction,Free,20
Interactive Fiction,Medio,51
Interactive Fiction,Muito Barato,238
Inventory Management,Barato,65
Inventory Management,Caro,6
Inventory Management,Free,9
Inventory Management,Medio,12
Inventory Management,Muito Barato,62
Investigation,Barato,107
Investigation,Caro,5
Investigation,Free,9
Investigation,Medio,38
Investigation,Muito Barato,128
Isometric,Barato,220
Isometric,Caro,15
Isometric,Free,25
Isometric,Medio,80
Isometric,Muito Barato,248
Isometric,Muito Caro,1
JRPG,Barato,259
JRPG,Caro,23
JRPG,Free,18
JRPG,Medio,108
JRPG,Muito Barato,281
Jet,Barato,8
Jet,Medio,4
Jet,Muito Barato,13
Job Simulator,Barato,4
Job Simulator,Medio,1
Job Simulator,Muito Barato,2
Jump Scare,Barato,4
Jump Scare,Free,2
Jump Scare,Medio,1
Jump Scare,Muito Barato,6
Kickstarter,Barato,45
Kickstarter,Caro,3
Kickstarter,Free,3
Kickstarter,Medio,21
Kickstarter,Muito Barato,44
LEGO,Barato,16
LEGO,Caro,2
LEGO,Free,1
LEGO,Medio,6
LEGO,Muito Barato,18
LGBTQ+,Barato,160
LGBTQ+,Caro,7
LGBTQ+,Free,15
LGBTQ+,Medio,53
LGBTQ+,Muito Barato,188
LGBTQ+,Muito Caro,1
Lemmings,Barato,5
Lemmings,Medio,1
Lemmings,Muito Barato,8
Level Editor,Barato,108
Level Editor,Caro,12
Level Editor,Free,20
Level Editor,Medio,45
Level Editor,Muito Barato,109
Level Editor,Muito Caro,2
Life Sim,Barato,95
Life Sim,Caro,5
Life Sim,Free,14
Life Sim,Medio,41
Life Sim,Muito Barato,140
Linear,Barato,122
Linear,Caro,5
Linear,Free,16
Linear,Medio,33
Linear,Muito Barato,230
Local Co-Op,Barato,293
Local Co-Op,Caro,13
Local Co-Op,Free,29
Local Co-Op,Medio,97
Local Co-Op,Muito Barato,296
Local Multiplayer,Barato,320
Local Multiplayer,Caro,10
Local Multiplayer,Free,32
Local Multiplayer,Medio,104
Local Multiplayer,Muito Barato,341
Local Multiplayer,Muito Caro,2
Logic,Barato,106
Logic,Caro,7
Logic,Free,8
Logic,Medio,33
Logic,Muito Barato,212
Loot,Barato,97
Loot,Caro,8
Loot,Free,17
Loot,Medio,35
Loot,Muito Barato,93
Looter Shooter,Barato,20
Looter Shooter,Caro,1
Looter Shooter,Free,3
Looter Shooter,Medio,12
Looter Shooter,Muito Barato,22
Lore-Rich,Barato,89
Lore-Rich,Caro,6
Lore-Rich,Free,10
Lore-Rich,Medio,24
Lore-Rich,Muito Barato,86
Lovecraftian,Barato,56
Lovecraftian,Caro,2
Lovecraftian,Free,8
Lovecraftian,Medio,29
Lovecraftian,Muito Barato,93
MMORPG,Barato,52
MMORPG,Caro,3
MMORPG,Free,34
MMORPG,Medio,14
MMORPG,Muito Barato,63
MMORPG,Muito Caro,1
MOBA,Barato,13
MOBA,Free,5
MOBA,Medio,3
MOBA,Muito Barato,19
Magic,Barato,223
Magic,Caro,10
Magic,Free,32
Magic,Medio,73
Magic,Muito Barato,204
Mahjong,Barato,4
Mahjong,Caro,1
Mahjong,Medio,4
Mahjong,Muito Barato,3
Management,Barato,329
Management,Caro,24
Management,Free,38
Management,Medio,127
Management,Muito Barato,380
Management,Muito Caro,3
Mars,Barato,16
Mars,Free,1
Mars,Medio,6
Mars,Muito Barato,16
Martial Arts,Barato,49
Martial Arts,Caro,1
Martial Arts,Free,5
Martial Arts,Medio,19
Martial Arts,Muito Barato,40
Massively Multiplayer,Barato,128
Massively Multiplayer,Caro,7
Massively Multiplayer,Free,78
Massively Multiplayer,Medio,57
Massively Multiplayer,Muito Barato,153
Masterpiece,Barato,1
Masterpiece,Muito Barato,1
Match 3,Barato,21
Match 3,Caro,1
Match 3,Free,6
Match 3,Medio,2
Match 3,Muito Barato,60
Mature,Barato,212
Mature,Caro,8
Mature,Free,22
Mature,Medio,84
Mature,Muito Barato,240
Mechs,Barato,71
Mechs,Caro,3
Mechs,Free,9
Mechs,Medio,23
Mechs,Muito Barato,71
Medical Sim,Barato,6
Medical Sim,Medio,3
Medical Sim,Muito Barato,20
Medieval,Barato,195
Medieval,Caro,16
Medieval,Free,25
Medieval,Medio,79
Medieval,Muito Barato,209
Medieval,Muito Caro,2
Memes,Barato,208
Memes,Caro,11
Memes,Free,25
Memes,Medio,70
Memes,Muito Barato,291
Metroidvania,Barato,129
Metroidvania,Caro,6
Metroidvania,Free,13
Metroidvania,Medio,43
Metroidvania,Muito Barato,124
Military,Barato,162
Military,Caro,21
Military,Free,17
Military,Medio,76
Military,Muito Barato,186
Military,Muito Caro,2
Mini Golf,Barato,9
Mini Golf,Medio,5
Mini Golf,Muito Barato,6
Minigames,Barato,20
Minigames,Caro,2
Minigames,Free,3
Minigames,Medio,9
Minigames,Muito Barato,29
Minimalist,Barato,156
Minimalist,Caro,8
Minimalist,Free,23
Minimalist,Medio,51
Minimalist,Muito Barato,361
Mining,Barato,33
Mining,Caro,1
Mining,Free,3
Mining,Medio,19
Mining,Muito Barato,30
Mod,Barato,12
Mod,Caro,2
Mod,Free,2
Mod,Medio,5
Mod,Muito Barato,15
Mod,Muito Caro,1
Moddable,Barato,157
Moddable,Caro,15
Moddable,Free,16
Moddable,Medio,74
Moddable,Muito Barato,155
Moddable,Muito Caro,3
Modern,Barato,46
Modern,Caro,9
Modern,Free,7
Modern,Medio,18
Modern,Muito Barato,80
Motocross,Barato,7
Motocross,Free,1
Motocross,Medio,8
Motocross,Muito Barato,8
Motorbike,Barato,17
Motorbike,Free,2
Motorbike,Medio,13
Motorbike,Muito Barato,23
Mouse only,Barato,55
Mouse only,Caro,2
Mouse only,Free,5
Mouse only,Medio,16
Mouse only,Muito Barato,100
Multiplayer,Barato,1110
Multiplayer,Caro,95
Multiplayer,Free,199
Multiplayer,Medio,443
Multiplayer,Muito Barato,1241
Multiplayer,Muito Caro,6
Multiple Endings,Barato,346
Multiple Endings,Caro,23
Multiple Endings,Free,31
Multiple Endings,Medio,120
Multiple Endings,Muito Barato,370
Music,Barato,88
Music,Caro,4
Music,Free,18
Music,Medio,30
Music,Muito Barato,141
Music,Muito Caro,1
Music-Based Procedural Generation,Barato,9
Music-Based Procedural Generation,Caro,2
Music-Based Procedural Generation,Free,1
Music-Based Procedural Generation,Medio,9
Music-Based Procedural Generation,Muito Barato,23
Musou,Barato,6
Musou,Caro,7
Musou,Medio,5
Musou,Muito Barato,6
Mystery,Barato,389
Mystery,Caro,19
Mystery,Free,43
Mystery,Medio,135
Mystery,Muito Barato,449
Mystery Dungeon,Barato,39
Mystery Dungeon,Caro,2
Mystery Dungeon,Free,4
Mystery Dungeon,Medio,10
Mystery Dungeon,Muito Barato,31
Mythology,Barato,84
Mythology,Caro,3
Mythology,Free,11
Mythology,Medio,25
Mythology,Muito Barato,62
NSFW,Barato,73
NSFW,Caro,3
NSFW,Free,10
NSFW,Medio,24
NSFW,Muito Barato,102
Narration,Barato,123
Narration,Caro,3
Narration,Free,10
Narration,Medio,52
Narration,Muito Barato,145
Narrative,Barato,39
Narrative,Caro,3
Narrative,Free,6
Narrative,Medio,11
Narrative,Muito Barato,38
Nature,Barato,98
Nature,Caro,8
Nature,Free,19
Nature,Medio,35
Nature,Muito Barato,145
Nature,Muito Caro,1
Naval,Barato,37
Naval,Caro,2
Naval,Free,5
Naval,Medio,18
Naval,Muito Barato,39
Naval Combat,Barato,23
Naval Combat,Caro,3
Naval Combat,Free,4
Naval Combat,Medio,14
Naval Combat,Muito Barato,32
Ninja,Barato,48
Ninja,Caro,3
Ninja,Free,6
Ninja,Medio,22
Ninja,Muito Barato,45
Noir,Barato,54
Noir,Caro,2
Noir,Free,4
Noir,Medio,18
Noir,Muito Barato,68
Nonlinear,Barato,74
Nonlinear,Caro,5
Nonlinear,Free,10
Nonlinear,Medio,30
Nonlinear,Muito Barato,72
Nostalgia,Barato,34
Nostalgia,Caro,4
Nostalgia,Free,3
Nostalgia,Medio,13
Nostalgia,Muito Barato,51
Nudity,Barato,386
Nudity,Caro,20
Nudity,Free,45
Nudity,Medio,147
Nudity,Muito Barato,476
Nudity,Muito Caro,1
Offroad,Barato,17
Offroad,Free,2
Offroad,Medio,12
Offroad,Muito Barato,20
Old School,Barato,184
Old School,Caro,9
Old School,Free,32
Old School,Medio,65
Old School,Muito Barato,262
Old School,Muito Caro,1
On-Rails Shooter,Barato,13
On-Rails Shooter,Free,4
On-Rails Shooter,Medio,5
On-Rails Shooter,Muito Barato,17
Online Co-Op,Barato,347
Online Co-Op,Caro,27
Online Co-Op,Free,52
Online Co-Op,Medio,124
Online Co-Op,Muito Barato,350
Open World,Barato,663
Open World,Caro,53
Open World,Free,92
Open World,Medio,286
Open World,Muito Barato,699
Open World,Muito Caro,4
Open World Survival Craft,Barato,57
Open World Survival Craft,Caro,4
Open World Survival Craft,Free,4
Open World Survival Craft,Medio,32
Open World Survival Craft,Muito Barato,77
Otome,Barato,48
Otome,Caro,5
Otome,Free,7
Otome,Medio,12
Otome,Muito Barato,52
Outbreak Sim,Barato,5
Outbreak Sim,Free,2
Outbreak Sim,Medio,4
Outbreak Sim,Muito Barato,10
Parkour,Barato,85
Parkour,Caro,4
Parkour,Free,11
Parkour,Medio,26
Parkour,Muito Barato,76
Parody,Barato,38
Parody,Caro,2
Parody,Free,3
Parody,Medio,12
Parody,Muito Barato,71
Party,Barato,30
Party,Free,2
Party,Medio,7
Party,Muito Barato,29
Party Game,Barato,33
Party Game,Free,3
Party Game,Medio,7
Party Game,Muito Barato,41
Party-Based RPG,Barato,105
Party-Based RPG,Caro,13
Party-Based RPG,Free,16
Party-Based RPG,Medio,45
Party-Based RPG,Muito Barato,90
Perma Death,Barato,103
Perma Death,Caro,8
Perma Death,Free,19
Perma Death,Medio,50
Perma Death,Muito Barato,122
Philosophical,Barato,46
Philosophical,Caro,3
Philosophical,Free,6
Philosophical,Medio,24
Philosophical,Muito Barato,65
Physics,Barato,309
Physics,Caro,20
Physics,Free,34
Physics,Medio,111
Physics,Muito Barato,372
Physics,Muito Caro,2
Pinball,Barato,7
Pinball,Free,3
Pinball,Medio,1
Pinball,Muito Barato,16
Pirates,Barato,35
Pirates,Caro,3
Pirates,Free,6
Pirates,Medio,14
Pirates,Muito Barato,57
Pixel Graphics,Barato,702
Pixel Graphics,Caro,33
Pixel Graphics,Free,85
Pixel Graphics,Medio,227
Pixel Graphics,Muito Barato,961
Pixel Graphics,Muito Caro,4
Platformer,Barato,460
Platformer,Caro,18
Platformer,Free,54
Platformer,Medio,143
Platformer,Muito Barato,576
Platformer,Muito Caro,1
Point & Click,Barato,376
Point & Click,Caro,16
Point & Click,Free,55
Point & Click,Medio,110
Point & Click,Muito Barato,582
Point & Click,Muito Caro,1
Political,Barato,50
Political,Caro,3
Political,Free,3
Political,Medio,20
Political,Muito Barato,59
Political Sim,Barato,38
Political Sim,Caro,5
Political Sim,Free,1
Political Sim,Medio,15
Political Sim,Muito Barato,44
Political Sim,Muito Caro,1
Politics,Barato,39
Politics,Caro,3
Politics,Free,3
Politics,Medio,17
Politics,Muito Barato,41
Pool,Barato,4
Pool,Medio,1
Pool,Muito Barato,6
Post-apocalyptic,Barato,185
Post-apocalyptic,Caro,13
Post-apocalyptic,Free,20
Post-apocalyptic,Medio,62
Post-apocalyptic,Muito Barato,198
Post-apocalyptic,Muito Caro,2
Precision Platformer,Barato,52
Precision Platformer,Caro,3
Precision Platformer,Free,6
Precision Platformer,Medio,18
Precision Platformer,Muito Barato,84
Procedural Generation,Barato,228
Procedural Generation,Caro,13
Procedural Generation,Free,36
Procedural Generation,Medio,93
Procedural Generation,Muito Barato,278
Programming,Barato,36
Programming,Caro,1
Programming,Free,2
Programming,Medio,9
Programming,Muito Barato,54
Psychedelic,Barato,73
Psychedelic,Caro,3
Psychedelic,Free,10
Psychedelic,Medio,23
Psychedelic,Muito Barato,123
Psychological,Barato,90
Psychological,Caro,9
Psychological,Free,11
Psychological,Medio,38
Psychological,Muito Barato,129
Psychological Horror,Barato,386
Psychological Horror,Caro,23
Psychological Horror,Free,47
Psychological Horror,Medio,146
Psychological Horror,Muito Barato,552
Psychological Horror,Muito Caro,1
Puzzle,Barato,852
Puzzle,Caro,33
Puzzle,Free,116
Puzzle,Medio,285
Puzzle,Muito Barato,1322
Puzzle,Muito Caro,2
Puzzle-Platformer,Barato,176
Puzzle-Platformer,Caro,6
Puzzle-Platformer,Free,24
Puzzle-Platformer,Medio,67
Puzzle-Platformer,Muito Barato,192
Puzzle-Platformer,Muito Caro,2
PvE,Barato,147
PvE,Caro,8
PvE,Free,25
PvE,Medio,59
PvE,Muito Barato,192
PvP,Barato,293
PvP,Caro,25
PvP,Free,74
PvP,Medio,116
PvP,Muito Barato,372
PvP,Muito Caro,2
Quick-Time Events,Barato,17
Quick-Time Events,Caro,2
Quick-Time Events,Free,3
Quick-Time Events,Medio,8
Quick-Time Events,Muito Barato,29
RPG,Barato,1141
RPG,Caro,82
RPG,Free,190
RPG,Medio,465
RPG,Muito Barato,1365
RPG,Muito Caro,6
RPGMaker,Barato,107
RPGMaker,Caro,5
RPGMaker,Free,15
RPGMaker,Medio,21
RPGMaker,Muito Barato,161
RPGMaker,Muito Caro,1
RTS,Barato,183
RTS,Caro,21
RTS,Free,27
RTS,Medio,76
RTS,Muito Barato,246
RTS,Muito Caro,3
Racing,Barato,168
Racing,Caro,18
Racing,Free,26
Racing,Medio,69
Racing,Muito Barato,237
Racing,Muito Caro,2
Real Time Tactics,Barato,82
Real Time Tactics,Caro,14
Real Time Tactics,Free,15
Real Time Tactics,Medio,47
Real Time Tactics,Muito Barato,106
Real Time Tactics,Muito Caro,2
Real-Time,Barato,55
Real-Time,Caro,7
Real-Time,Free,6
Real-Time,Medio,27
Real-Time,Muito Barato,54
Real-Time with Pause,Barato,59
Real-Time with Pause,Caro,3
Real-Time with Pause,Free,6
Real-Time with Pause,Medio,30
Real-Time with Pause,Muito Barato,59
Realistic,Barato,348
Realistic,Caro,34
Realistic,Free,38
Realistic,Medio,143
Realistic,Muito Barato,388
Realistic,Muito Caro,2
Reboot,Barato,5
Reboot,Medio,4
Reboot,Muito Barato,3
Relaxing,Barato,402
Relaxing,Caro,22
Relaxing,Free,48
Relaxing,Medio,137
Relaxing,Muito Barato,609
Relaxing,Muito Caro,2
Remake,Barato,81
Remake,Caro,4
Remake,Free,5
Remake,Medio,40
Remake,Muito Barato,85
Replay Value,Barato,233
Replay Value,Caro,27
Replay Value,Free,45
Replay Value,Medio,125
Replay Value,Muito Barato,287
Replay Value,Muito Caro,5
Resource Management,Barato,212
Resource Management,Caro,13
Resource Management,Free,19
Resource Management,Medio,82
Resource Management,Muito Barato,226
Retro,Barato,535
Retro,Caro,24
Retro,Free,67
Retro,Medio,187
Retro,Muito Barato,759
Retro,Muito Caro,2
Rhythm,Barato,60
Rhythm,Caro,3
Rhythm,Free,13
Rhythm,Medio,21
Rhythm,Muito Barato,98
Rhythm,Muito Caro,1
Robots,Barato,115
Robots,Caro,8
Robots,Free,19
Robots,Medio,46
Robots,Muito Barato,129
Rock Music,Barato,4
Rock Music,Medio,2
Rock Music,Muito Barato,5
Rogue-like,Barato,274
Rogue-like,Caro,29
Rogue-like,Free,49
Rogue-like,Medio,110
Rogue-like,Muito Barato,322
Rogue-like Deckbuilder,Barato,4
Rogue-like Deckbuilder,Medio,1
Rogue-like Deckbuilder,Muito Barato,1
Rogue-lite,Barato,249
Rogue-lite,Caro,22
Rogue-lite,Free,43
Rogue-lite,Medio,105
Rogue-lite,Muito Barato,286
Roguelike Deckbuilder,Barato,20
Roguelike Deckbuilder,Caro,3
Roguelike Deckbuilder,Free,5
Roguelike Deckbuilder,Medio,9
Roguelike Deckbuilder,Muito Barato,34
Roguevania,Barato,4
Roguevania,Free,2
Roguevania,Medio,6
Roguevania,Muito Barato,9
Romance,Barato,206
Romance,Caro,15
Romance,Free,25
Romance,Medio,85
Romance,Muito Barato,284
Romance,Muito Caro,1
Rome,Barato,11
Rome,Caro,2
Rome,Free,4
Rome,Medio,8
Rome,Muito Barato,20
Rugby,Barato,3
Runner,Barato,29
Runner,Caro,1
Runner,Free,5
Runner,Medio,10
Runner,Muito Barato,66
Sailing,Barato,18
Sailing,Caro,4
Sailing,Free,3
Sailing,Medio,6
Sailing,Muito Barato,25
Sandbox,Barato,503
Sandbox,Caro,37
Sandbox,Free,66
Sandbox,Medio,202
Sandbox,Muito Barato,516
Sandbox,Muito Caro,5
Satire,Barato,32
Satire,Caro,1
Satire,Free,1
Satire,Medio,13
Satire,Muito Barato,45
Sci-fi,Barato,619
Sci-fi,Caro,47
Sci-fi,Free,77
Sci-fi,Medio,239
Sci-fi,Muito Barato,691
Sci-fi,Muito Caro,4
Science,Barato,55
Science,Free,7
Science,Medio,32
Science,Muito Barato,64
Score Attack,Barato,85
Score Attack,Caro,4
Score Attack,Free,11
Score Attack,Medio,27
Score Attack,Muito Barato,135
Score Attack,Muito Caro,1
Sequel,Barato,23
Sequel,Caro,2
Sequel,Free,7
Sequel,Medio,9
Sequel,Muito Barato,35
Sexual Content,Barato,414
Sexual Content,Caro,31
Sexual Content,Free,39
Sexual Content,Medio,154
Sexual Content,Muito Barato,487
Sexual Content,Muito Caro,2
Shoot 'Em Up,Barato,148
Shoot 'Em Up,Caro,11
Shoot 'Em Up,Free,14
Shoot 'Em Up,Medio,51
Shoot 'Em Up,Muito Barato,236
Shooter,Barato,567
Shooter,Caro,41
Shooter,Free,81
Shooter,Medio,191
Shooter,Muito Barato,684
Shooter,Muito Caro,1
Shop Keeper,Barato,2
Shop Keeper,Medio,1
Shop Keeper,Muito Barato,1
Side Scroller,Barato,256
Side Scroller,Caro,14
Side Scroller,Free,28
Side Scroller,Medio,81
Side Scroller,Muito Barato,341
Silent Protagonist,Barato,10
Silent Protagonist,Caro,1
Silent Protagonist,Free,1
Silent Protagonist,Medio,4
Silent Protagonist,Muito Barato,20
Simulation,Barato,1143
Simulation,Caro,87
Simulation,Free,169
Simulation,Medio,481
Simulation,Muito Barato,1487
Simulation,Muito Caro,8
Singleplayer,Barato,3112
Singleplayer,Caro,197
Singleplayer,Free,404
Singleplayer,Medio,1174
Singleplayer,Muito Barato,3775
Singleplayer,Muito Caro,13
Skateboarding,Barato,9
Skateboarding,Medio,3
Skateboarding,Muito Barato,6
Skating,Barato,9
Skating,Medio,4
Skating,Muito Barato,7
Skiing,Barato,2
Skiing,Medio,1
Skiing,Muito Barato,6
Sniper,Barato,10
Sniper,Caro,1
Sniper,Free,1
Sniper,Medio,1
Sniper,Muito Barato,25
Snooker,Barato,2
Snooker,Muito Barato,3
Snow,Barato,15
Snow,Free,1
Snow,Medio,2
Snow,Muito Barato,26
Snowboarding,Barato,2
Snowboarding,Medio,3
Snowboarding,Muito Barato,3
Soccer,Barato,12
Soccer,Medio,1
Soccer,Muito Barato,14
Social Deduction,Barato,6
Social Deduction,Caro,1
Social Deduction,Free,2
Social Deduction,Medio,4
Social Deduction,Muito Barato,14
Sokoban,Barato,16
Sokoban,Caro,2
Sokoban,Free,2
Sokoban,Medio,3
Sokoban,Muito Barato,36
Solitaire,Barato,24
Solitaire,Caro,1
Solitaire,Free,5
Solitaire,Medio,6
Solitaire,Muito Barato,47
Souls-like,Barato,86
Souls-like,Caro,8
Souls-like,Free,10
Souls-like,Medio,42
Souls-like,Muito Barato,98
Soundtrack,Barato,73
Soundtrack,Caro,5
Soundtrack,Free,12
Soundtrack,Medio,28
Soundtrack,Muito Barato,88
Space,Barato,238
Space,Caro,16
Space,Free,41
Space,Medio,106
Space,Muito Barato,322
Space,Muito Caro,2
Space Sim,Barato,40
Space Sim,Caro,1
Space Sim,Free,8
Space Sim,Medio,35
Space Sim,Muito Barato,70
Space Sim,Muito Caro,1
Spaceships,Barato,11
Spaceships,Free,2
Spaceships,Medio,3
Spaceships,Muito Barato,10
Spectacle fighter,Barato,38
Spectacle fighter,Caro,2
Spectacle fighter,Free,4
Spectacle fighter,Medio,25
Spectacle fighter,Muito Barato,30
Spelling,Barato,2
Spelling,Medio,2
Spelling,Muito Barato,13
Split Screen,Barato,79
Split Screen,Caro,1
Split Screen,Free,10
Split Screen,Medio,20
Split Screen,Muito Barato,76
Split Screen,Muito Caro,2
Sports,Barato,220
Sports,Caro,17
Sports,Free,32
Sports,Medio,109
Sports,Muito Barato,263
Sports,Muito Caro,2
Stealth,Barato,167
Stealth,Caro,17
Stealth,Free,17
Stealth,Medio,68
Stealth,Muito Barato,189
Steam Machine,Barato,2
Steam Machine,Medio,3
Steam Machine,Muito Barato,2
Steampunk,Barato,62
Steampunk,Caro,2
Steampunk,Free,4
Steampunk,Medio,19
Steampunk,Muito Barato,58
Story Rich,Barato,1245
Story Rich,Caro,74
Story Rich,Free,134
Story Rich,Medio,485
Story Rich,Muito Barato,1334
Story Rich,Muito Caro,4
Strategy,Barato,1115
Strategy,Caro,105
Strategy,Free,190
Strategy,Medio,430
Strategy,Muito Barato,1459
Strategy,Muito Caro,8
Strategy RPG,Barato,108
Strategy RPG,Caro,12
Strategy RPG,Free,20
Strategy RPG,Medio,52
Strategy RPG,Muito Barato,121
Strategy RPG,Muito Caro,2
Stylized,Barato,294
Stylized,Caro,9
Stylized,Free,31
Stylized,Medio,101
Stylized,Muito Barato,419
Submarine,Barato,17
Submarine,Caro,1
Submarine,Medio,4
Submarine,Muito Barato,10
Superhero,Barato,34
Superhero,Caro,2
Superhero,Free,6
Superhero,Medio,12
Superhero,Muito Barato,33
Supernatural,Barato,73
Supernatural,Caro,2
Supernatural,Free,12
Supernatural,Medio,22
Supernatural,Muito Barato,106
Surreal,Barato,161
Surreal,Caro,8
Surreal,Free,18
Surreal,Medio,54
Surreal,Muito Barato,243
Survival,Barato,426
Survival,Caro,35
Survival,Free,53
Survival,Medio,166
Survival,Muito Barato,491
Survival,Muito Caro,1
Survival Horror,Barato,207
Survival Horror,Caro,16
Survival Horror,Free,26
Survival Horror,Medio,65
Survival Horror,Muito Barato,251
Swordplay,Barato,57
Swordplay,Caro,2
Swordplay,Free,5
Swordplay,Medio,24
Swordplay,Muito Barato,59
Tabletop,Barato,83
Tabletop,Caro,4
Tabletop,Free,26
Tabletop,Medio,38
Tabletop,Muito Barato,152
Tabletop,Muito Caro,1
Tactical,Barato,301
Tactical,Caro,41
Tactical,Free,50
Tactical,Medio,141
Tactical,Muito Barato,327
Tactical,Muito Caro,4
Tactical RPG,Barato,111
Tactical RPG,Caro,12
Tactical RPG,Free,21
Tactical RPG,Medio,54
Tactical RPG,Muito Barato,102
Tactical RPG,Muito Caro,1
Tanks,Barato,28
Tanks,Caro,3
Tanks,Free,3
Tanks,Medio,20
Tanks,Muito Barato,46
Team-Based,Barato,97
Team-Based,Caro,7
Team-Based,Free,11
Team-Based,Medio,39
Team-Based,Muito Barato,120
Tennis,Barato,4
Tennis,Caro,1
Tennis,Free,1
Tennis,Medio,5
Tennis,Muito Barato,7
Text-Based,Barato,107
Text-Based,Caro,4
Text-Based,Free,17
Text-Based,Medio,39
Text-Based,Muito Barato,161
Third Person,Barato,421
Third Person,Caro,40
Third Person,Free,64
Third Person,Medio,222
Third Person,Muito Barato,540
Third Person,Muito Caro,2
Third-Person Shooter,Barato,126
Third-Person Shooter,Caro,6
Third-Person Shooter,Free,26
Third-Person Shooter,Medio,46
Third-Person Shooter,Muito Barato,146
Thriller,Barato,100
Thriller,Caro,1
Thriller,Free,4
Thriller,Medio,37
Thriller,Muito Barato,108
Tile-Matching,Barato,1
Time Attack,Barato,24
Time Attack,Caro,2
Time Attack,Free,4
Time Attack,Medio,3
Time Attack,Muito Barato,27
Time Management,Barato,101
Time Management,Caro,2
Time Management,Free,2
Time Management,Medio,27
Time Management,Muito Barato,114
Time Manipulation,Barato,31
Time Manipulation,Caro,2
Time Manipulation,Free,8
Time Manipulation,Medio,13
Time Manipulation,Muito Barato,40
Time Travel,Barato,35
Time Travel,Free,9
Time Travel,Medio,20
Time Travel,Muito Barato,46
Top-Down,Barato,305
Top-Down,Caro,16
Top-Down,Free,45
Top-Down,Medio,97
Top-Down,Muito Barato,326
Top-Down Shooter,Barato,94
Top-Down Shooter,Caro,4
Top-Down Shooter,Free,12
Top-Down Shooter,Medio,32
Top-Down Shooter,Muito Barato,108
Touch-Friendly,Barato,42
Touch-Friendly,Caro,1
Touch-Friendly,Free,5
Touch-Friendly,Medio,10
Touch-Friendly,Muito Barato,77
Tower Defense,Barato,96
Tower Defense,Caro,7
Tower Defense,Free,7
Tower Defense,Medio,29
Tower Defense,Muito Barato,127
TrackIR,Barato,6
TrackIR,Caro,1
TrackIR,Free,1
TrackIR,Medio,6
TrackIR,Muito Barato,7
Trading,Barato,44
Trading,Caro,2
Trading,Free,9
Trading,Medio,18
Trading,Muito Barato,40
Trading Card Game,Barato,27
Trading Card Game,Free,15
Trading Card Game,Medio,8
Trading Card Game,Muito Barato,28
Traditional Rogue-like,Barato,2
Traditional Roguelike,Barato,15
Traditional Roguelike,Caro,1
Traditional Roguelike,Free,3
Traditional Roguelike,Medio,15
Traditional Roguelike,Muito Barato,23
Trains,Barato,33
Trains,Caro,4
Trains,Free,4
Trains,Medio,10
Trains,Muito Barato,44
Transhumanism,Barato,12
Transhumanism,Caro,1
Transhumanism,Free,1
Transhumanism,Medio,6
Transhumanism,Muito Barato,17
Transportation,Barato,30
Transportation,Caro,2
Transportation,Free,4
Transportation,Medio,16
Transportation,Muito Barato,25
Trivia,Barato,6
Trivia,Caro,1
Trivia,Free,2
Trivia,Medio,4
Trivia,Muito Barato,22
Turn-Based,Barato,301
Turn-Based,Caro,20
Turn-Based,Free,51
Turn-Based,Medio,148
Turn-Based,Muito Barato,339
Turn-Based,Muito Caro,3
Turn-Based Combat,Barato,229
Turn-Based Combat,Caro,20
Turn-Based Combat,Free,29
Turn-Based Combat,Medio,109
Turn-Based Combat,Muito Barato,255
Turn-Based Combat,Muito Caro,2
Turn-Based Strategy,Barato,258
Turn-Based Strategy,Caro,22
Turn-Based Strategy,Free,42
Turn-Based Strategy,Medio,145
Turn-Based Strategy,Muito Barato,319
Turn-Based Strategy,Muito Caro,2
Turn-Based Tactics,Barato,187
Turn-Based Tactics,Caro,17
Turn-Based Tactics,Free,37
Turn-Based Tactics,Medio,92
Turn-Based Tactics,Muito Barato,213
Turn-Based Tactics,Muito Caro,1
Twin Stick Shooter,Barato,76
Twin Stick Shooter,Caro,2
Twin Stick Shooter,Free,11
Twin Stick Shooter,Medio,20
Twin Stick Shooter,Muito Barato,79
Typing,Barato,18
Typing,Medio,8
Typing,Muito Barato,26
Underground,Barato,9
Underground,Free,3
Underground,Medio,9
Underground,Muito Barato,28
Underwater,Barato,34
Underwater,Caro,2
Underwater,Free,2
Underwater,Medio,16
Underwater,Muito Barato,41
Unforgiving,Barato,13
Unforgiving,Caro,2
Unforgiving,Medio,7
Unforgiving,Muito Barato,13
VR,Barato,321
VR,Caro,11
VR,Free,45
VR,Medio,115
VR,Muito Barato,325
VR,Muito Caro,2
VR Only,Barato,131
VR Only,Caro,6
VR Only,Free,19
VR Only,Medio,45
VR Only,Muito Barato,136
Vampire,Barato,35
Vampire,Caro,2
Vampire,Free,4
Vampire,Medio,7
Vampire,Muito Barato,31
Vampire,Muito Caro,1
Vehicular Combat,Barato,43
Vehicular Combat,Caro,1
Vehicular Combat,Free,5
Vehicular Combat,Medio,16
Vehicular Combat,Muito Barato,54
Vikings,Barato,15
Vikings,Free,1
Vikings,Medio,5
Vikings,Muito Barato,6
Villain Protagonist,Barato,39
Villain Protagonist,Free,5
Villain Protagonist,Medio,18
Villain Protagonist,Muito Barato,43
Violent,Barato,386
Violent,Caro,28
Violent,Free,57
Violent,Medio,140
Violent,Muito Barato,449
Visual Novel,Barato,448
Visual Novel,Caro,26
Visual Novel,Free,54
Visual Novel,Medio,161
Visual Novel,Muito Barato,581
Visual Novel,Muito Caro,1
Voice Control,Barato,4
Voice Control,Free,1
Voice Control,Medio,1
Voice Control,Muito Barato,3
Voice Control,Muito Caro,1
Volleyball,Barato,2
Volleyball,Free,1
Volleyball,Muito Barato,2
Voxel,Barato,35
Voxel,Caro,3
Voxel,Free,6
Voxel,Medio,21
Voxel,Muito Barato,43
Voxel,Muito Caro,1
Walking Simulator,Barato,153
Walking Simulator,Caro,7
Walking Simulator,Free,20
Walking Simulator,Medio,70
Walking Simulator,Muito Barato,210
War,Barato,193
War,Caro,28
War,Free,26
War,Medio,105
War,Muito Barato,254
War,Muito Caro,2
Wargame,Barato,92
Wargame,Caro,12
Wargame,Free,10
Wargame,Medio,56
Wargame,Muito Barato,100
Wargame,Muito Caro,1
Warhammer 40K,Barato,17
Warhammer 40K,Caro,3
Warhammer 40K,Free,3
Warhammer 40K,Medio,5
Warhammer 40K,Muito Barato,11
Well-Written,Barato,8
Well-Written,Free,1
Well-Written,Medio,1
Well-Written,Muito Barato,2
Werewolves,Barato,9
Werewolves,Free,3
Werewolves,Medio,3
Werewolves,Muito Barato,13
Western,Barato,33
Western,Caro,2
Western,Free,2
Western,Medio,7
Western,Muito Barato,26
Wholesome,Barato,28
Wholesome,Caro,1
Wholesome,Free,4
Wholesome,Medio,9
Wholesome,Muito Barato,32
Word Game,Barato,23
Word Game,Caro,3
Word Game,Free,3
Word Game,Medio,14
Word Game,Muito Barato,69
World War I,Barato,21
World War I,Caro,1
World War I,Free,2
World War I,Medio,11
World War I,Muito Barato,24
World War II,Barato,93
World War II,Caro,6
World War II,Free,8
World War II,Medio,52
World War II,Muito Barato,126
World War II,Muito Caro,2
Wrestling,Barato,11
Wrestling,Medio,6
Wrestling,Muito Barato,6
Zombies,Barato,153
Zombies,Caro,13
Zombies,Free,28
Zombies,Medio,55
Zombies,Muito Barato,197
eSports,Barato,58
eSports,Caro,5
eSports,Free,4
eSports,Medio,18
eSports,Muito Barato,67
eSports,Muito Caro,1
